{"train_loss_step":0.7717189192771912,"epoch":0,"trainer/global_step":149,"_wandb":{"runtime":401},"_timestamp":1.745911351971991e+09,"_runtime":336.987504929,"_step":2}