{"epoch":0,"trainer/global_step":49,"_wandb":{"runtime":33},"_timestamp":1.7459108386166947e+09,"_runtime":29.522975123,"_step":0,"train_loss":1.136771559715271}